-- MySQL dump 10.13  Distrib 5.7.12, for Win64 (x86_64)
--
-- Host: localhost    Database: test
-- ------------------------------------------------------
-- Server version	5.7.12-log

/*!40101 SET @OLD_CHARACTER_SET_CLIENT=@@CHARACTER_SET_CLIENT */;
/*!40101 SET @OLD_CHARACTER_SET_RESULTS=@@CHARACTER_SET_RESULTS */;
/*!40101 SET @OLD_COLLATION_CONNECTION=@@COLLATION_CONNECTION */;
/*!40101 SET NAMES utf8 */;
/*!40103 SET @OLD_TIME_ZONE=@@TIME_ZONE */;
/*!40103 SET TIME_ZONE='+00:00' */;
/*!40014 SET @OLD_UNIQUE_CHECKS=@@UNIQUE_CHECKS, UNIQUE_CHECKS=0 */;
/*!40014 SET @OLD_FOREIGN_KEY_CHECKS=@@FOREIGN_KEY_CHECKS, FOREIGN_KEY_CHECKS=0 */;
/*!40101 SET @OLD_SQL_MODE=@@SQL_MODE, SQL_MODE='NO_AUTO_VALUE_ON_ZERO' */;
/*!40111 SET @OLD_SQL_NOTES=@@SQL_NOTES, SQL_NOTES=0 */;

--
-- Table structure for table `ball`
--

DROP TABLE IF EXISTS `ball`;
/*!40101 SET @saved_cs_client     = @@character_set_client */;
/*!40101 SET character_set_client = utf8 */;
CREATE TABLE `ball` (
  `innings` int(11) NOT NULL,
  `over` int(11) NOT NULL,
  `ball` int(11) NOT NULL,
  `bowler` varchar(100) DEFAULT NULL,
  `batsman` varchar(100) DEFAULT NULL,
  `start_time` double DEFAULT NULL,
  `end_time` double DEFAULT NULL,
  `runs` varchar(10) DEFAULT NULL,
  `comment` varchar(250) DEFAULT NULL,
  `matchID` int(11) DEFAULT NULL,
  `sentimentBat` varchar(10) DEFAULT NULL,
  `sentimentBowl` varchar(10) DEFAULT NULL,
  KEY `matchID` (`matchID`),
  CONSTRAINT `ball_ibfk_1` FOREIGN KEY (`matchID`) REFERENCES `matches` (`ID`)
) ENGINE=InnoDB DEFAULT CHARSET=utf8;
/*!40101 SET character_set_client = @saved_cs_client */;

--
-- Dumping data for table `ball`
--

LOCK TABLES `ball` WRITE;
/*!40000 ALTER TABLE `ball` DISABLE KEYS */;
INSERT INTO `ball` VALUES (1,0,1,'Morkel','Pandey',652.48,669.96,'1','****leans forward to caress the full length delivery moving away from him to left of mid-off for a single',1,'',''),(1,0,2,'Morkel','Kallis',699.24,710.08,'0','around the off stump, on a length, Kallis gets close to the line of bull and pushes it out to the off side',1,'negative','positive'),(1,0,3,'Morkel','Kallis',730.96,746.8,'0','**drama** Huge appeal for a catch behind but Russel Tiffin has turned it down. Lovely delivery, straightening from the good length, Kallis goes for the on-the-up off drive and the ball flies past the edge. Was there a nick? The replays don\'t confirm ',1,'negative','positive'),(1,0,4,'Morkel','Kallis',793.52,800.72,'0','leans forward to push the length delivery to the off side',1,'negative','positive'),(1,0,5,'Morkel','Kallis',834.84,854.2,'1','shuffles across to push to mid-on for a single',1,'',''),(1,0,6,'Morkel','Pandey',874.8,893.96,'0','fullish and around the legs, rolls of the pad',1,'negative','positive'),(1,1,1,'Tyagi','Kallis',954.96,969.68,'1','short in length and outside off stump, slashed away to third man',1,'',''),(1,1,2,'Tyagi','Pandey',1001.04,1015.72,'4','goes for the yorker, Manish takes his front leg out of the way and brings his bat down in a hurry. The ball flies off the inner half of the bat and rushes on this fast outfield to fine-leg boundary',1,'positive','negative'),(1,1,3,'Tyagi','Pandey',1043.28,1056.96,'0','length delivery around off , Manish stays beside the line to push it out to cover',1,'negative','positive'),(1,1,4,'Tyagi','Pandey',1077.44,1083.76,'0','stays on the leg stump line and has a flash at a back-of-length delivery outside off stump but makes no contact . the bat goes under the ball',1,'negative','positive'),(1,1,5,'Tyagi','Pandey',1108.4,1119.68,'1','jumps to get on top of the bounce of the short-of- length delivery coming in to the middle stump line and works it to the leg for a single',1,'',''),(1,1,6,'Tyagi','Kallis',1143.52,1149.28,'0','straightens around the middle stump line, Kallis was on the shuffle, adjusts his wrists to adjust to the straightening and pushes the ball to the on side of the pitch',1,'negative','positive'),(1,2,1,'Morkel','Pandey',1187.56,1202.6,'1','The bouncer arrives and Manish top-edges the pull. But luckily, for him , the ball lands safely in short fine-leg region',1,'',''),(1,2,2,'Morkel','Kallis',1222.72,1237.16,'4','** L Bala** doesn\'t see the ball at third man! Opportunity for **catch missed**. Kallis had backed away and charged out for the big lofted off drive and ended up slicing the ball towards third man. Bala came forward and completely lost sight of the b',1,'positive','negative'),(1,2,3,'Morkel','Kallis',1278.56,1288.92,'4','Ooh . this pitch has bounce and carry. It kicks up from short of length, Kallis is almost squared-up as the ball straightens and manages to stab it just past the diving slip fielder and it races away',1,'positive','negative'),(1,2,4,'Morkel','Kallis',1321.76,1331.2,'0','in the zone outside off stump, left alone',1,'negative','positive'),(1,2,5,'Morkel','Kallis',1362.92,1377.2,'0','charges out as he moves outside leg stump and tries to slash the bouncing short of length delivery but the ball bounces over the flashing blade.',1,'negative','positive'),(1,2,6,'Morkel','Kallis',1398.24,1407.6,'0','fuller, around the off stump, hint of away movement, Kallis stays where he is this time and opens the bat-face to guide the ball to point',1,'negative','positive'),(1,3,1,'Tyagi','Pandey',1450.2,1457.56,'0','length delivery that moves in to off and middle, pushed out cautiously to the off side',1,'negative','positive'),(1,3,2,'Tyagi','Pandey',1486.76,1497.56,'0','backs away outside leg stump, Tyagi digs it in short and outside off, Manish tries to reach out but mistimes the intended cut and the ball rolls to cover',1,'negative','positive'),(1,3,3,'Tyagi','Pandey',1522.8,1528.04,'0','And again. Another mistimed cut and this time the ball rolls off the bottom of the bat to slip.',1,'negative','positive'),(1,3,4,'Tyagi','Pandey',1550.92,1560.72,'0','this one flies from short of length and Pandey again can\'t connect with the cut. Again, the bat went below the ball. Beaten by the extra bounce.',1,'negative','positive'),(1,3,5,'Tyagi','Pandey',1581.68,1599.96,'1','Tyagi cuts this one back into Manish, who is as ever looking to move outside leg at the last minute, and cramps him for room. Tucked to square-leg',1,'',''),(1,3,6,'Tyagi','Kallis',1629.24,1639.4,'1','threatens to move towards leg before he moves towards the off side and goes for the pull. But he too is unable to connect properly and the ball rolls towards mid-on. Good over.',1,'',''),(1,4,1,'Balaji','Kallis',1714.4,1723.84,'4','goes for the slower one and Kallis leans forward to lift it over cover point.. Easily done. The full swing of the bat.',1,'positive','negative'),(1,4,2,'Balaji','Kallis',1746.88,1757.88,'1','ball, The beamer arrives! So does the apology from the bowler. A startled Kallis just about manages to stab it away. The ball slips out at the release',1,'',''),(1,4,2,'Balaji','Kallis',1786.2,1794.76,'0','length delivery around off stump, defended to the off side',1,'negative','positive'),(1,4,3,'Balaji','Kallis',1824.56,1838.36,'4','**What a mess from Muralitharan!** Fielding lapse. Not a catch. Kallis shuffled outside off and whipped a full delivery from outside off to mid-on where Murali makes a fine mess. The ball went right through him.',1,'positive','negative'),(1,4,4,'Balaji','Kallis',1875.76,1890.44,'OUT','is the first time that Kallis has got out in this IPL.. Stop the press. Call your grandfather. Tell your neighbor. Silence your dog. Kallis, again, shuffled right across, got outside off stump and tried to whip-flick a length delivery over the on-sid',1,'negative','positive'),(1,4,5,'Balaji','Dravid',1993.52,2005.44,'1','Bala slips in a wide down the leg side',1,'',''),(1,4,5,'Balaji','Dravid',2029.64,2036.52,'0','Big swing and a miss. It was wider outside off and Rahul went for the big off drive but couldn\'t reach',1,'negative','positive'),(1,4,6,'Balaji','Dravid',2062.52,2074.32,'0','length delivery outside off and moving away slightly, Rahul tries to run it down to third man but can\'t connect.',1,'negative','positive'),(1,5,1,'Tyagi','Pandey',2122.48,2136.56,'2','**just over mid-on**. It was the short delivery around off stump, Manish goes for his flat-batted heave down the ground and just about clears mid-on',1,'',''),(1,5,2,'Tyagi','Pandey',2156,2168,'4','Top shot! Manish rocks back to get on top of the bounce of the short-of-length delivery outside off and cuts superbly to point boundary. A good horizontal-bat shot.',1,'positive','negative'),(1,5,3,'Tyagi','Pandey',2192.28,2206.04,'1','length delivery just outside off, Manish tries to force it through the off side and edges it to short fine-leg',1,'',''),(1,5,4,'Tyagi','Dravid',2242.24,2253.76,'0','fuller, on the middle, on driven to mid-on',1,'negative','positive'),(1,5,5,'Tyagi','Dravid',2296.24,2305.48,'1','full delivery again, Is Dravid expecting it to be short? He was caught hanging well inside the crease and lunges out but mistimes the straight drive',1,'',''),(1,5,6,'Tyagi','Pandey',2330.44,2340.04,'1','on the middle stump line, pushed to mid-on for a single',1,'',''),(1,6,1,'Balaji','Pandey',2390.08,2405.32,'1','back of length, just outside off, run down to third man',1,'',''),(1,6,2,'Balaji','Dravid',2433.4,2440.16,'0','shortish, in the zone outside off, Dravid goes for the cut but doesn\'t connect. He went too hard at that shot.',1,'negative','positive'),(1,6,3,'Balaji','Dravid',2464.6,2478.44,'4','Bosh! Full in length and around off stump, Dravid leans forward to knife through the line and on the up and the ball flies over mid-off',1,'positive','negative'),(1,6,4,'Balaji','Dravid',2502.8,2509.04,'4','**edged** past the diving Hayden at lone slip. It was a length delivery outside off, Dravid wanted to drive it over cover.. slightly slower in pace this one, and he edges it wide of Haydos',1,'positive','negative'),(1,6,5,'Balaji','Dravid',2539.92,2549.92,'1','this time he leans across, gets close to the line of the ball outside off and opens the bat-face to guide it past Hayden',1,'',''),(1,6,6,'Balaji','Pandey',2575.04,2591.96,'4','byes, pushes it to the pads, Manish plays the leg glance and it gets away past the diving fielder near the boundary',1,'positive','negative'),(1,7,1,'Muralitharan','Dravid',2673.04,2685.12,'1','bye, Murali starts from round the stumps. Off break on the middle and leg line, tries to flick it and the ball rolls towards midwicket',1,'',''),(1,7,2,'Muralitharan','Pandey',2704.24,2713.04,'0','on the middle stump line, worked to Suresh Raina at short straightish midwicket',1,'negative','positive'),(1,7,3,'Muralitharan','Pandey',2722.56,2730.72,'1','spins down the leg side, past the attempted glance .. wide',1,'',''),(1,7,3,'Muralitharan','Pandey',2744.04,2752.6,'0','quicker, on the middle stump line, length delivery, Manish pulls it to left of short midwicket where Raina makes a diving stop',1,'negative','positive'),(1,7,4,'Muralitharan','Pandey',2764.36,2778.08,'1','on the off stump line, tapped to right of Raina and calls Dravid for a quick single',1,'',''),(1,7,5,'Muralitharan','Dravid',2803.96,2818.76,'4','Top shot! . It wasn\'t all that short, Dravid rocked back, created his own length and punched the off break to wide long-on boundary.',1,'positive','negative'),(1,7,6,'Muralitharan','Dravid',2835.56,2849.48,'OUT','super comeback from Murali! It was the topspinner this time. It landed on the middle and off stump line, from round the stumps, and moved towards off stump.. Rahul again rocked back and tried to cut it but misses it completely. Timber!',1,'negative','positive'),(1,8,1,'Tyagi','Pandey',2933.36,2943.4,'0','bounces from short of length outside off , dabbed to point',1,'negative','positive'),(1,8,2,'Tyagi','Pandey',2966.04,2971.64,'0','tries to clear the front foot and seemed to be initially going for the pull to the on side but the ball wasn\'t short as he anticipated. He tried to adjust by changing his shot and go for a cut but the ball flies past the edge',1,'negative','positive'),(1,8,3,'Tyagi','Pandey',2996.44,3005.52,'0','**run out missed** It was pushed to midwicket and Robin had backed up too far. Hayden picked up the ball and fired the throw at the non-striker\'s end. Robin tried to dive back in .. Had it hit the stumps, he would have been out',1,'negative','positive'),(1,8,4,'Tyagi','Pandey',3035.48,3047.4,'1','high bouncer flies over Pandey',1,'',''),(1,8,4,'Tyagi','Pandey',3068.6,3083.64,'1','kicks up from short of length outside off, Manish wrists it wide of Hayden at midwicket for a single',1,'',''),(1,8,5,'Tyagi','Uthappa',3122.28,3130.24,'0','goes for the yorker, pushed out to cover',1,'negative','positive'),(1,8,6,'Tyagi','Uthappa',3154.48,3166.2,'0','good delivery, straightening outside off stump, Robin is beaten, trying to guide it to third man. Fine spell from Tyagi, who replaced Gony for this match.',1,'negative','positive'),(1,9,1,'Muralitharan','Pandey',3328,3335.28,'0','turns in to the off stump line, pushed back to the bowler',1,'negative','positive'),(1,9,2,'Muralitharan','Pandey',3345.4,3357.96,'1','slows up the pace, off break on middle stump line, worked wide of midwicket',1,'',''),(1,9,3,'Muralitharan','Uthappa',3385.92,3394.28,'1','bye, appeal for lbw .. Robin goes for the big sweep and perhaps is struck just outside off stump. Got to see the replays.',1,'',''),(1,9,4,'Muralitharan','Pandey',3409.32,3421.72,'OUT','strikes again. Manish went for the big slog sweep this time and ended up slicing it towards mid-on. The ball swirled down from the night sky .. Raina went back from short midwicket and took a good catch as the ball dropped behind his shoulder.',1,'negative','positive'),(1,9,5,'Muralitharan','Uthappa',3482.32,3492.92,'0','Robin goes for the reverse sweep, misses and is struck on the pad. Perhaps, turning down leg.',1,'negative','positive'),(1,9,6,'Muralitharan','Uthappa',3508.76,3515.76,'4','He repeats the reverse sweep and this time connects really well. The ball races past short third man fielder.',1,'positive','negative'),(1,10,1,'Morkel','Kohli',3577,3585.36,'0','leans forward to push it away for a single',1,'negative','positive'),(1,10,2,'Morkel','Kohli',3610.8,3623.08,'2','turns this towards mid-on .. and they rush back fo the second rub .. before the man rushes in from the deep. Superbly run by both',1,'',''),(1,10,3,'Morkel','Kohli',3645.48,3659.52,'1','leans forward to ping long-on',1,'',''),(1,10,4,'Morkel','Uthappa',3693.2,3700.28,'0','length delivery but it kicks up appreciably and Robin pushes at it and is beaten.',1,'negative','positive'),(1,10,5,'Morkel','Uthappa',3734.28,3742.88,'1','leans across and tries to work it to the on side and gets a leading edge to third man',1,'',''),(1,10,6,'Morkel','Kohli',3787.92,3802.4,'4','full length delivery outside off and Kohli plays a classy cover drive ... the ball races away through the off-side field',1,'positive','negative'),(1,11,1,'Muralitharan','Uthappa',3861.04,3868.04,'0','goes for the big slog sweep but it flies striaght to Raina at short midwicket',1,'negative','positive'),(1,11,2,'Muralitharan','Uthappa',3877.08,3889.76,'2','**dropped** by R Ashwin at deep cover. RObin had switched around completely into a left-hander\'s stance and plays a reverse sweep - a revere slog sweep! - but Ashwin and Tyagi nearly converge and Ashwin fails to hold on.. no one called for the catch ',1,'positive','negative'),(1,11,3,'Muralitharan','Uthappa',3915.76,3927.84,'2','goes for another reverse sweep! this time doesn\'t switch around completely .. and the ball goes past short third man',1,'',''),(1,11,4,'Muralitharan','Uthappa',3949,3964.2,'0','',1,'negative','positive'),(1,11,5,'Muralitharan','Uthappa',3971.04,3987.28,'3','byes, the ball turns into the leg and middle line and rolls away to fine-leg region',1,'positive','negative'),(1,11,6,'Muralitharan','Kohli',4014.36,4025.84,'4','another off break on the middle and leg line and Kohli plays a delightful glance shot .. working his wrists over time and the ball races away to fine-leg boundary',1,'positive','negative'),(1,12,1,'Ashwin','Uthappa',4110.92,4120.52,'4','Whack! Quickish and short of length, Robin rocked back to pull it hard to the wide midwicket boundary',1,'positive','negative'),(1,12,2,'Ashwin','Uthappa',4140.28,4148.48,'0','much fuller, swung straight to Raina at short midwicket',1,'negative','positive'),(1,12,3,'Ashwin','Uthappa',4155.4,4165.16,'1','walks down the track and plays a paddle sweep from outside off stump! What is going off out there as Fred Trueman would have said!',1,'',''),(1,12,4,'Ashwin','Kohli',4183.16,4195.28,'1','low full toss, swatted away to long-on',1,'',''),(1,12,5,'Ashwin','Uthappa',4205.96,4217.04,'1','hurls it really full, in search of the yorker, pushed past the non-striker',1,'',''),(1,12,6,'Ashwin','Kohli',4224.04,4236.24,'1','full and straight again, worked to right of Raina at midwicket',1,'',''),(1,13,1,'Balaji','Kohli',4308,4320.6,'1','length delivery on off and middle line, pushed to left of straightish midwicket for a quick single',1,'',''),(1,13,2,'Balaji','Uthappa',4347.92,4356.64,'0','full in length and outside off, around 127 kmph, hit hard but straight to cover',1,'negative','positive'),(1,13,3,'Balaji','Uthappa',4377.88,4387.8,'1','walks down the track and forces the short-of-length delivery to long-on',1,'',''),(1,13,4,'Balaji','Kohli',4413.72,4423.28,'1','short in length, cuts in to the middle stump line, Kohli mistimes the pull shot and the ball rolls towards deep midwicket',1,'',''),(1,13,5,'Balaji','Uthappa',4442.96,4451.92,'0','Big swing and a miss! Full and outside off stump, Robin wanted to thrash it over the bowler but no wood on leather',1,'negative','positive'),(1,13,6,'Balaji','Uthappa',4478.52,4491.36,'2','Top edged! Robin goes for the big pull and top edges it over the keeper. Murali runs across from third man and the ball threatens to spin away at the last minute but he stopped and lunged to his right to push it back to the field of play',1,'',''),(1,14,1,'Ashwin','Kohli',4536.64,4549,'1','low dipping full toss, hit straight to long-on',1,'',''),(1,14,2,'Ashwin','Uthappa',4565.16,4575.88,'1','really full, Robin wants to go for the big hit but is unable to get under the ball and gets a single as it rolls to long-on',1,'',''),(1,14,3,'Ashwin','Kohli',4584.24,4592,'1','goes down on his knee to drive hard but again straight to long-on',1,'',''),(1,14,4,'Ashwin','Uthappa',4607.08,4613.88,'0','full, very full, Robin is unable to get under the ball again.. pushed back to the bowler',1,'negative','positive'),(1,14,5,'Ashwin','Uthappa',4622.16,4632.03999,'1','bye, tries the reverse paddle this time and the ball rolls away to short cover region off the pad',1,'',''),(1,14,6,'Ashwin','Kohli',4648.32001,4655.88,'1','moves outside leg and lifts it to long-off. Just a single. Fine tight over from Ash who has been bowling it really full, just short of the blockhole',1,'',''),(1,15,1,'Muralitharan','Kohli',4699.8,4716.44,'0','**Parthiv misses a stumping chance**. Kohli goes down the track but is beaten in the flight and it goes between his bat and pad and just outside leg stump.. Patel fails to collect it cleanly.',1,'negative','positive'),(1,15,2,'Muralitharan','Kohli',4731.08,4751.24001,'6','Thwack! He rocked back, created room and pulled it hard over long-on. Up .. up and over.',1,'positive','negative'),(1,15,3,'Muralitharan','Kohli',4753.8,4760.84,'0','tries to go for another pull but doesn\'t connect properly',1,'negative','positive'),(1,15,4,'Muralitharan','Kohli',4771.84,4781.20001,'OUT','time for Parthiv. Again, Murali beats Kohli in flight by the doosra and also by the shortening of the length, and the ball went past the attempted lofted slog .. this time it was outside off and hence lot more easier for Patel who did what was requir',1,'negative','positive'),(1,15,5,'Muralitharan','Morgan',4881.88,4890.44,'0','gets forward to drive straight to short cover',1,'negative','positive'),(1,15,6,'Muralitharan','Morgan',4900.64001,4907.56,'0','Another dot ball. Morgan tries to work it to the on side but edges it.',1,'negative','positive'),(1,16,1,'Morkel','Uthappa',5076.84003,5103.96002,'6','Thunderous Wallop! Robin clears the front foot and smokes the length delivery high over long-on .. way back into the stands.',1,'positive','negative'),(1,16,2,'Morkel','Uthappa',5118.59998,5126.23999,'1','**dropped by Vijay** at long-on. Robin whacked the full toss hard to Vijay who drops it! What a Clanger!',1,'positive','negative'),(1,16,3,'Morkel','Morgan',5160.20001,5168.56,'1','length delivery around off stump line, nudges it away for a single',1,'',''),(1,16,4,'Morkel','Uthappa',5189.32001,5195.84003,'1','full and outside off, Robin mistimes the off drive but will collect a single',1,'',''),(1,16,5,'Morkel','Morgan',5216.12,5225.56,'OUT','in length and straight and Morgan goes for the good-old slog across the line and completely misses it. Timber!',1,'negative','positive'),(1,16,6,'Morkel','Boucher',5292.79999,5299.52002,'0','short in length and outside off and Boucher cuts straight to backward point. Both batsmen meet for a chat.',1,'negative','positive'),(1,17,1,'Ashwin','Uthappa',5386.64001,5393.59998,'1','walks down the track and whips it to deep midwicket.',1,'',''),(1,17,2,'Ashwin','Boucher',5412.2,5425.52,'1','gets forward to drive to Vijay at long-on',1,'',''),(1,17,3,'Ashwin','Uthappa',5436.6,5445.72,'1','moves outside leg and drives the full dipping full toss to long-off',1,'',''),(1,17,4,'Ashwin','Boucher',5464.8,5473.52,'1','fires it really full and low, another dipping full toss, whipped to deep midwicket',1,'',''),(1,17,5,'Ashwin','Uthappa',5483.88,5491.76,'6','The white ball has gone flying over midwicket boundary! Robin walked down the track, got the ball on full and swung it over the on-side',1,'positive','negative'),(1,17,6,'Ashwin','Uthappa',5539.92,5559.44,'1','walks down the track, Ashwin pushes it further outside off and Robin swipes it across the line but doesn\'t connect properly.. just a single, wide of midwicket',1,'',''),(1,18,1,'Balaji','Uthappa',5618,5627.56,'4','Super shot! This time he stayed still at his original stance and unfurled a fine cover drive. The ball raced away to the boundary, Bailey threw in a dive at the boundary line but can\'t cut it offf',1,'positive','negative'),(1,18,2,'Balaji','Uthappa',5672.35999,5682.48001,'6','Will this ball come back from the midwicket stands?! Robin walked down the track, Bala hurled it short and slow, Robin adjusted, opened-up his stance and whacked it high over the boundary',1,'positive','negative'),(1,18,3,'Balaji','Uthappa',5710.76001,5716.95999,'6','Whadaaplayaaaaaaa! Third IPL flfty and in what style. He almost went down on his knee and smoked a length delivery high over long- on!',1,'positive','negative'),(1,18,4,'Balaji','Uthappa',5753.12,5759.76001,'6','Hat trick of sixes. Robin has gone berserk with his violence and the crowd have gone mad! Flat-batted six over long-on! You beauty! Bala banged it short and Robin went for the fore-hand wallop! The ball almost cleared the stadium and it crashed again',1,'positive','negative'),(1,18,5,'Balaji','Uthappa',5810.84,5821.39999,'1','really full this time, driven to cover for a single',1,'',''),(1,18,6,'Balaji','Boucher',5842.23999,5854,'1','really full in length , square driven to sweeper cover.',1,'',''),(1,19,1,'Ashwin','Boucher',5894.20001,5903.84,'1','full delivery, Boucher drills it hard but straight to long-off',1,'',''),(1,19,2,'Ashwin','Uthappa',5914.59998,5928.64001,'1','gets forward to drive to long-on',1,'',''),(1,19,3,'Ashwin','Boucher',5938.96002,5945.12,'6','Huge! Maximum! Boucher this time. He went down on his knee and proposed .. disposed it over long-on!',1,'positive','negative'),(1,19,4,'Ashwin','Boucher',5971.08002,5979.32001,'1','goes for the yorker length, dug out to midwicket',1,'',''),(1,19,5,'Ashwin','Uthappa',5989.23999,5997.40002,'6','What a knock this from Robin Uthappa! Yet another violent hit over long-on. The carnage continues. He cleared the front foot and crashed it over long-on. Boom! Biff!',1,'positive','negative'),(1,19,6,'Ashwin','Uthappa',6019.40002,6035.20001,'2','walks down the track and drags it from outside off to deep midwicket. He rushes back for the second and dives to get back inside the crease.',1,'',''),(2,0,1,'Praveen','Patel',6939.56,6953.56,'0','some swing there. Away from the left-handed Parthiv. It started from middle and leg and moved towards off and middle, defended to the off side',1,'negative','positive'),(2,0,2,'Praveen','Patel',6963.03998,6980.56,'1','pushed towards mid-off for a quick single. . Robin rushed forward and fired in a throw at the non-striker\'s end .. had he hit, parthiv would have been struggling to get back inside the crease in time',1,'',''),(2,0,3,'Praveen','Hayden',7016.56,7026.23999,'0','in the channel outside off stump, Hayden allows it to pass through to Boucher',1,'negative','positive'),(2,0,4,'Praveen','Hayden',7051.12,7062.91998,'0','**run out of Hayden missed** Kohli is furious with himself. Hayden had walked down the track but missed the hit, the ball went off his thigh pad to the off side. Kohli rushed in from backward point and under-armed a throw but missed.',1,'negative','positive'),(2,0,5,'Praveen','Hayden',7095.79999,7104.12,'1','leans forward to drive to mid-off where Robin makes a tumbling stop',1,'',''),(2,0,6,'Praveen','Patel',7146.67999,7158.52002,'OUT','takes out Parthiv. He switched to round the stumps for this delivery and got the ball to curve away from Parthiv from that angle. Fine delivery. Parthiv had a lame poke at it. Fatal.',1,'negative','positive'),(2,1,1,'Steyn','Hayden',7253.68,7259.24,'0','around 147 kmph, skids on quickly from short of length, jabbed away to the on side',1,'negative','positive'),(2,1,2,'Steyn','Hayden',7286.2,7292.6,'1','bounces it short . but well outside off.. Hayden shoulders arms. It went inside the white wide line, called a wide, though',1,'',''),(2,1,2,'Steyn','Hayden',7319.2,7324.08,'0','in the zone outside off, much closer this time and curving back .. left alone',1,'negative','positive'),(2,1,3,'Steyn','Hayden',7350.16,7356.84,'4','151.8 kmph pacy full delivery but it has been smashed to left of mid-off. Hayden walked down the track and flayed the overpitched delivery',1,'positive','negative'),(2,1,4,'Steyn','Hayden',7382.67999,7387.08,'0','149.9 kmph, length delivery, kicks up outside off stump, left alone by Hayden',1,'negative','positive'),(2,1,5,'Steyn','Hayden',7412.52,7425.12,'2','walks down the track and pushes it out to right of mid-off',1,'',''),(2,1,6,'Steyn','Hayden',7467.07999,7472.60001,'1','full, fast - 150.3 kmph- but wide outside off stump. Kumble has a chat with the bowler',1,'',''),(2,1,6,'Steyn','Hayden',7499.48001,7502.64001,'0','in the channel outside off stump, angling away from Hayden who lets it go through to Boucher',1,'negative','positive'),(2,2,1,'Praveen','Bailey',7557.79999,7570.44,'0','full and curving away, jabbed behind the wicket .. the ball rolls back',1,'negative','positive'),(2,2,2,'Praveen','Bailey',7598.32001,7610.67999,'1','stays back to clip it behind square-leg for a single',1,'',''),(2,2,3,'Praveen','Hayden',7637.23999,7647.95999,'4','It has disappeared over mid-off. Full, looking for swing, and Hayden leans forward quickly to lift it over mid-off. Change of bat for Hayden but not the mini mongoose.',1,'positive','negative'),(2,2,4,'Praveen','Hayden',7691.07999,7699.56,'0','length delivery on middle and off, pushed towards the non striker and PK intercepts',1,'negative','positive'),(2,2,5,'Praveen','Hayden',7736.44,7744.20001,'0','moves in from middle and leg, slower one, Hayden tries to clip it through the on side, misses and is hit on the thigh pad ..',1,'negative','positive'),(2,2,6,'Praveen','Hayden',7769.91998,7777.12,'1','fires across a bouncer .. too high .. Wide',1,'',''),(2,2,6,'Praveen','Hayden',7798.56,7806.03998,'2','slower one, short in length ,clipped past square-leg for couple of runs',1,'',''),(2,3,1,'Steyn','Bailey',7858.84003,7866.88,'0','full, pacy, lands on the middle and off line, 150.3 kmph, curves towards off , defended on the back foot',1,'negative','positive'),(2,3,2,'Steyn','Bailey',7890.03998,7895.44,'0','lands on a length outside off stump and curves away, 149.3 kmph, left alone',1,'negative','positive'),(2,3,3,'Steyn','Bailey',7921.20001,7927.20001,'0','a pacy bouncer, 152.6 kmph!, Bailey just about manages to duck out of the way',1,'negative','positive'),(2,3,4,'Steyn','Bailey',7954.64001,7964.44,'1','fuller, good leg cutter at just over 150 kmph, jabbed out to cover for a quick single . the throw deflects off Bailey\'s bat as he grounds it in and goes wide of mid-on but Bailey says let\'s not run this overthrow. perhaps because it went off the bat.',1,'',''),(2,3,5,'Steyn','Hayden',7999.12,8005.20001,'1','pushes this wide outside off stump,',1,'',''),(2,3,5,'Steyn','Hayden',8033.88,8042.12,'1','around 147 kmph, short of length outside off, slashed to third man',1,'',''),(2,3,6,'Steyn','Bailey',8073.84003,8079.96002,'0','He is beaten for pace here. Around 148 kmph length delivery skidding on quickly towards middle stump, Bailey wanted to work it to the on side but the ball whooshes past the bat and thuds into the thigh pad',1,'negative','positive'),(2,4,1,'Kumble','Hayden',8175.76,8187,'0','on the middle stump line, worked behind square-leg .. Pk is there .. so no single',1,'negative','positive'),(2,4,2,'Kumble','Hayden',8195.8,8202.92,'1','walks down the track and whips the dipping full toss to midwicket',1,'',''),(2,4,3,'Kumble','Bailey',8234,8238.52,'0','full and skidding in, driven out to short cover',1,'negative','positive'),(2,4,4,'Kumble','Bailey',8249.39999,8254.2,'0','the slider arrives, Bailey pushes unconvincingly and it goes off the pad and BOucher collects very well',1,'negative','positive'),(2,4,5,'Kumble','Bailey',8277.52,8284.72,'0','Bailey can\'t get Kumble away. Another slider on the middle stump line, pushed out to the on side',1,'negative','positive'),(2,4,6,'Kumble','Bailey',8299.2,8304.48,'0','ANother dot ball! It skids on from the length, stabbed to the off side',1,'negative','positive'),(2,5,1,'Kallis','Hayden',8381.64001,8385.92001,'0','Beaten by the slower one. Both Hayden and Kallis have a laugh about it. Hayden was going for the big swing but went through too early with the shot',1,'negative','positive'),(2,5,2,'Kallis','Hayden',8416.64001,8424.56,'1','works this one past square-leg for a single',1,'',''),(2,5,3,'Kallis','Bailey',8464.12,8469.88,'1','outside off stump, run down to third man.',1,'',''),(2,5,4,'Kallis','Hayden',8509.48001,8517.44,'1','moves outside leg stump, Kallis follows him with a full length delivery, Hayden edges the intended big hit to the on side',1,'',''),(2,5,5,'Kallis','Bailey',8544.20001,8551.60001,'4','Slap! Short in length and outside off and Bailey breaks free with a fierce square-cut',1,'positive','negative'),(2,5,6,'Kallis','Bailey',8584.20001,8588.20001,'0','well directed bouncer, around 134 kmph, at the face, Bailey is late on the pull and just about manages to yank his head out of the way',1,'negative','positive'),(2,6,1,'Kumble','Hayden',8687.79999,8691.76001,'0','almost a yorker on the middle, pushed back to Kumble',1,'negative','positive'),(2,6,2,'Kumble','Hayden',8700.64001,8711.84003,'1','walks down the track, another yorker-length, squeezed out to midwicket.',1,'',''),(2,6,3,'Kumble','Bailey',8734.32001,8744.47998,'1','on the middle stump line, Bailey jumps out to the leg side and cuts it for a single',1,'',''),(2,6,4,'Kumble','Hayden',8757.52002,8767.32001,'1','on the leg and middle stump line, lifted towards long-on',1,'',''),(2,6,5,'Kumble','Bailey',8783.20001,8787.35999,'0','**shout for a catch behind decision** Lovely skidding two-fingered googly on the middle stump line. .. Bailey is completely cramped, goes for the cut, and it squeezes through to Boucher who breaks the stumps .. Kumble appeals for a catch. Did it take',1,'negative','positive'),(2,6,6,'Kumble','Bailey',8822.40002,8831.64001,'1','pushes this one through the off side for a single. What a fine start from Kumble.',1,'',''),(2,7,1,'Kallis','Bailey',8886.35999,8894.56,'1','pushed away for a single',1,'',''),(2,7,2,'Kallis','Hayden',8953.47998,8961.71997,'4','sprays it just outside leg stump, perhaps he thought Hayden would move down the leg side but Hayden stays where he was and plays the leg glance',1,'positive','negative'),(2,7,3,'Kallis','Hayden',8994.20001,8999.91998,'4','Mon goosebumps time! He crashes the full delivery to long-off boundary.',1,'positive','negative'),(2,7,4,'Kallis','Hayden',9033.24,9052,'4','Whack! Kallis drags it short and Hayden plays the pull shot to perfection.',1,'positive','negative'),(2,7,5,'Kallis','Hayden',9071.72,9094.2,'0','from round the stumps now, he slips in a slower one, Hayden walks down the track, goes for the big lofted hit but is beaten by the change of pace',1,'negative','positive'),(2,7,6,'Kallis','Hayden',9103.04,9108.84,'0','fires a bouncer around off stump line, Hayden sways away from the line',1,'negative','positive'),(2,8,1,'Kumble','Bailey',9303.56,9314.24,'0','Nice googly. BAiley is clueless. Slow looped up, outside off stump and Bailey pushes out and gets an inside edge on to the pad',1,'negative','positive'),(2,8,2,'Kumble','Bailey',9323.64,9333.56,'0','this one has been pushed back to the bowler',1,'negative','positive'),(2,8,3,'Kumble','Bailey',9339.96,9352.64,'4','byes, flighted on middle and leg line, Bailey doesn\'t connect with the sweep shot but the ball goes off the pads to fine-leg boundary',1,'positive','negative'),(2,8,4,'Kumble','Bailey',9370.96,9382.36,'1','googly, this time worked past square-leg',1,'',''),(2,8,5,'Kumble','Hayden',9403.04,9415.72,'1','full loopy delivery on middle stump line, driven to long-on',1,'',''),(2,8,6,'Kumble','Bailey',9432.28,9444.92,'1','this one is a leg break, turns away from Bailey who stabs it to backward point',1,'',''),(2,9,1,'Vinay','Bailey',9531.36,9541.88,'4','FOUR, short in length on the middle and leg, Bailey shuffles inside the line and goes for the pull and ends up dragging it down to fine-leg boundary',1,'positive','negative'),(2,9,2,'Vinay','Bailey',9564.52,9582.24,'OUT','**Hayden is run out. Direct hit from Rahul Dravid** It was pushed to cover, Hayden backed up too far, Dravid swooped in for the kill and under-armed a direct hit at the non-striker\'s end . Huge moment this! Dravid has struck a big blow!',1,'negative','positive'),(2,9,3,'Vinay','Bailey',9686.36,9703.88,'2','runs, Banged in short and Bailey top edges the pull shot between long leg and deep square-leg',1,'',''),(2,9,4,'Vinay','Bailey',9734.2,9753.2,'OUT','Two wickets in Vinay\'s over. A run out and now Bailey\'s wicket. A lovely leg cutter, around the off stump and Bailey edges the off drive. Vinay turns and appeals. Tiffin tells him to look back,. the batsman is walking. Very good ball from Vinay. In t',1,'negative','positive'),(2,9,5,'Vinay','Vijay',9813.12,9828.32,'1','run, pushed to point for a single',1,'',''),(2,9,6,'Vinay','Raina',9857.32,9871.96,'1','run, Vinay produces a fine bouncer and Raina, who struggles against the short-pitched stuff, takes his eyes off the ball and fends it off in an ungainly fashion.. the ball lobbed in the air but went clear of square-leg fielder',1,'',''),(2,10,1,'Kallis','Raina',9944.72,9952.4,'0','**run out chance missed** stays back to push the short of length delivery to backward point. Vijay rushes back to get inside the crease .. the throw is just wide of the crease',1,'negative','positive'),(2,10,2,'Kallis','Raina',9979.28,9991.8,'1','stays back to clip it past square-leg',1,'',''),(2,10,3,'Kallis','Vijay',10021.52,10038.52,'1','stays back to wrist the back-of-length delivery on middle stump to backward square-leg region',1,'',''),(2,10,4,'Kallis','Raina',10062.96,10075.52,'1','short delivery, swatted past square-leg',1,'',''),(2,10,5,'Kallis','Vijay',10102,10112.44,'0','another bouncer, climbs shoulder high and it flies past the attempted pull',1,'negative','positive'),(2,10,6,'Kallis','Vijay',10138.84,10148.56,'0','in the zone outside off stump, Vijay pressed back to push out at it and is beaten',1,'negative','positive'),(2,11,1,'Vinay','Raina',10208.8,10221.28,'6','SIX, A brutal pull from Raina! This time around, he seemed to anticipate the short delivery from Vinay and got into a nice position to pull it away over square-leg boundary',1,'positive','negative'),(2,11,2,'Vinay','Raina',10239.44,10248.96,'0','run, And Vinay comes back with a quicker bouncer and this time, Raina is beaten by the extra bounce .. the ball flies past his face',1,'negative','positive'),(2,11,3,'Vinay','Raina',10271.76,10288,'1','wide, tries to slip in the slower one but slips it wide outside off stump',1,'',''),(2,11,3,'Vinay','Raina',10300.36,10310.84,'OUT','Vinay strikes again! Raina goes for a slog across the line, to a length delivery that pitched outside off stump and moving further away, and ends up edging it to Kallis at wide third man',1,'negative','positive'),(2,11,4,'Vinay','Vijay',10383.76,10395.48,'1','run, stays behind the line to clip it past square-leg',1,'',''),(2,11,5,'Vinay','Badrinath',10428.64,10445.44,'0','run, length delivery around off stump and Badri leans forward to push it to the off side.',1,'negative','positive'),(2,11,6,'Vinay','Badrinath',10458.12,10468.64,'1','run, full in length and outside off, run down to Manish at third man',1,'',''),(2,12,1,'Kumble','Badrinath',10556.16,10566.4,'1','nice full delivery that dips rapidly on Badrinath who works it past square-leg',1,'',''),(2,12,2,'Kumble','Vijay',10581.92,10592.16,'0','The slider .. Vijay is struck on the pad .... shout for lbw ...perhaps missing the leg stump ..',1,'negative','positive'),(2,12,3,'Kumble','Vijay',10601.6,10614.8,'OUT','goes for the slog sweep but this time Kumble bowled the leg break outside off and in trying to fetch it from there, Vijay miscues the shot to deep midwicket.',1,'negative','positive'),(2,12,4,'Kumble','Badrinath',10692.12,10706,'4','steps forward, reaches the pitch of the leg break and lofts it over the non-striker\'s head',1,'positive','negative'),(2,12,5,'Kumble','Badrinath',10723.56,10733.72,'1','quickly skidding slider on the off and middle, jabbed away to short third man ..',1,'',''),(2,12,6,'Kumble','Morkel',10796.72,10800,'1','googly on the middle and off line, tapped to the on side for a single',1,'',''),(2,13,1,'Steyn','Morkel',10869.92,10877.6,'0','short in length, 147.3 kmph, it cuts in to brush the thigh pad and goes to BOucher.',1,'negative','positive'),(2,13,2,'Steyn','Morkel',10904.8,10913.08,'1','147.4 kmph delivery on the middle stump line, edged behind square-leg.',1,'',''),(2,13,3,'Steyn','Badrinath',10940.6,10951.44,'4','147,.7 short-of-length delivery outside off stump, Badrinath leaned back to cut it between the keeper and the wide slip! Cry of agony from Steyn',1,'positive','negative'),(2,13,4,'Steyn','Badrinath',10974.92,10988.52,'4','Manish makes a mess at third man boundary and both Kumble and Steyn look very angry. It was upper cut by Badri and Manish lets the ball slip through his fingers. Not a catch... it was rolling towards him. Steyn screams, Kumble stares.',1,'positive','negative'),(2,13,5,'Steyn','Badrinath',11014.52,11021.12,'0','ooh! Steyn takes out his anger on the batsman. .. a pacy bouncer and Badri goes down under',1,'negative','positive'),(2,13,6,'Steyn','Badrinath',11053.96,11061.36,'0','another short delivery , Badrinath seemed to be expecting it, backed away to the on side and tried to upper cut it over slips but can\'t connect',1,'negative','positive'),(2,14,1,'Kallis','Morkel',11125.56,11133.72,'1','slower one, full and outside off, hit to sweeper cover',1,'',''),(2,14,2,'Kallis','Badrinath',11170.96,11180.48,'0','almost yorker length, dug out to the off side',1,'negative','positive'),(2,14,3,'Kallis','Badrinath',11202.8,11212.76,'4','137 kmph bouncer on the middle, Badri top-edges the attempted hook to fine-leg boundary. Kallis isn\'t too pleased!',1,'positive','negative'),(2,14,4,'Kallis','Badrinath',11242.64,11254,'1','length delivery around off stump line, mistimes the punchy shot to short mid-off region',1,'',''),(2,14,5,'Kallis','Morkel',11285.32,11298.48,'0','moves outside leg, Kallis a bouncer outside off, Albie tries to reach out and upper cut but no wood on leather',1,'negative','positive'),(2,14,6,'Kallis','Morkel',11331.4,11338.24,'0','backs outside leg again. Kallis cuts the ball from middle and leg line, from short of length and the ball flies over the middle stump',1,'negative','positive'),(2,15,1,'Vinay','Badrinath',11401.8,11411,'6','SIX, Top shot. Badri walked outside off stump, opened up his stance and pulled it to backward square-leg boundary',1,'positive','negative'),(2,15,2,'Vinay','Badrinath',11448.56,11462,'1','run, full delivery, Badri prefers to stay back and works it to long leg',1,'',''),(2,15,3,'Vinay','Morkel',11503.72,11513.8,'1','run, goes for the slog across the line but doesn\'t connect properly, edged to his pad',1,'',''),(2,15,4,'Vinay','Badrinath',11536.44,11548.32,'0','run, moves outside leg and goes for the big shot through the off side but the ball rushes past him and to the keeper',1,'negative','positive'),(2,15,5,'Vinay','Badrinath',11565.16,11573.88,'4','FOUR, Whack! Like he did in the first ball, he moves to the off side and plays a crunchy pull shot',1,'positive','negative'),(2,15,6,'Vinay','Badrinath',11599.68,11610.16,'OUT','Badri too is gone. He actually played a quite decent shot but he has found the fielder. He threatened to move outside leg before he pressed right across the stumps and scooped the low full toss to deep backward square-leg region where the Appanna, th',1,'negative','positive'),(2,16,1,'Praveen','Morkel',11805.68,11813.2,'1','full and well outside off stump, .. left alone',1,'',''),(2,16,1,'Praveen','Morkel',11825.4,11838.44,'1','',1,'',''),(2,16,2,'Praveen','Ashwin',11858.24001,11865.52,'1','another bouncer, another top-edged pull shot ,.. Manish rushes in from fine-leg but cant\' reach the ball',1,'',''),(2,16,3,'Praveen','Morkel',11910.44,11921.28,'0','Swing and a miss. Done in by the slower one.',1,'negative','positive'),(2,16,4,'Praveen','Morkel',11934.88,11944.60001,'1','really full delivery well outside off, Morkel reaches out to edge it to point',1,'',''),(2,16,5,'Praveen','Ashwin',11960.88,11972.88,'1','bye, full delivery on the pads ..',1,'',''),(2,16,6,'Praveen','Morkel',11989.44,11996.88,'0','again can\'t connect well with his swing to the on side.',1,'negative','positive'),(2,17,1,'Steyn','Ashwin',12042.96,12055.32,'1','full and just outside off, run down to third man',1,'',''),(2,17,2,'Steyn','Morkel',12082.76,12098.6,'0','short lifting delivery outside off,Albie tries to play a upper cut but is beaten for pace and bounce',1,'negative','positive'),(2,17,3,'Steyn','Morkel',12113.72,12125.44,'1','moves outside leg and mistimes a forcing shot towards sweeper cover',1,'',''),(2,17,4,'Steyn','Ashwin',12150.04,12159.4,'1','around the off stump line, pushed to cover point for a single',1,'',''),(2,17,5,'Steyn','Morkel',12182.16,12198.52,'1','bounces from short of length, around 148 kmph, on the middle stump line, stabbed away to the off for a single',1,'',''),(2,17,6,'Steyn','Ashwin',12226.88,12238.76,'1','Ashwin moves outside off stump, the slow bouncer from Steyn, cut away to deep point region',1,'',''),(2,18,1,'Praveen','Ashwin',12282.92,12290.92,'0','full and outside off, Ashwin was outside leg and in the end couldn\'t reach the ball',1,'negative','positive'),(2,18,2,'Praveen','Ashwin',12304,12313.12,'1','full delivery around off, driven to Appanna at sweeper cover',1,'',''),(2,18,3,'Praveen','Morkel',12358.48,12368.96,'1','Fullish, outside off, dragged down to long-on',1,'',''),(2,18,4,'Praveen','Ashwin',12386,12398.6,'1','banged in short, top edges the pull behind the bowler ... Kohli comes from the off side, Dravid runs from midwicket .. neither call and the ball drops in between them!',1,'',''),(2,18,5,'Praveen','Morkel',12422.48,12433.32,'4','gets into position and drives through cover .. will collect a boundary. too little and too late',1,'positive','negative'),(2,18,6,'Praveen','Morkel',12446.88,12452.52,'0','full delivery, squeezed out',1,'negative','positive'),(2,19,1,'Vinay','Ashwin',12492.32,12505.76,'4','FOUR, bouncer around off stump line, Ashwin is late on the pull and top edges it over Boucher',1,'positive','negative'),(2,19,2,'Vinay','Ashwin',12526.88,12535.44,'1','run, moves outside leg and carves a slower one to deep point region',1,'',''),(2,19,3,'Vinay','Morkel',12565.76,12580.56,'6','SIX, Albie Morkel, has smashed this right into the roof of the stadium! Hammered that. It was right in the slot and he cleared the front foot and swung through the line',1,'positive','negative'),(2,19,4,'Vinay','Morkel',12600,12616.72,'OUT','Vinay is pumped up after taking out Albie with a super yorker. He had moved to round the stumps and ripped the ball full and straight on the base of off stump. Crash!',1,'negative','positive'),(2,19,5,'Vinay','Balaji',12670.56,12680.68,'0','run, in the zone outside off stump, big swing and a miss',1,'negative','positive'),(2,19,6,'Vinay','Balaji',12697.04,12710,'0','run, And again. Bangalore prevail yet again.',1,'negative','positive');
/*!40000 ALTER TABLE `ball` ENABLE KEYS */;
UNLOCK TABLES;

--
-- Table structure for table `matches`
--

DROP TABLE IF EXISTS `matches`;
/*!40101 SET @saved_cs_client     = @@character_set_client */;
/*!40101 SET character_set_client = utf8 */;
CREATE TABLE `matches` (
  `ID` int(11) NOT NULL,
  `stadium` varchar(50) DEFAULT NULL,
  `year` int(11) DEFAULT NULL,
  `type` varchar(10) DEFAULT NULL,
  `tournament` varchar(20) DEFAULT NULL,
  `matchNo` int(11) DEFAULT NULL,
  PRIMARY KEY (`ID`)
) ENGINE=InnoDB DEFAULT CHARSET=utf8;
/*!40101 SET character_set_client = @saved_cs_client */;

--
-- Dumping data for table `matches`
--

LOCK TABLES `matches` WRITE;
/*!40000 ALTER TABLE `matches` DISABLE KEYS */;
INSERT INTO `matches` VALUES (1,'Chinnaswamy Bangalore',2010,'T20','IPL',18);
/*!40000 ALTER TABLE `matches` ENABLE KEYS */;
UNLOCK TABLES;

--
-- Table structure for table `players`
--

DROP TABLE IF EXISTS `players`;
/*!40101 SET @saved_cs_client     = @@character_set_client */;
/*!40101 SET character_set_client = utf8 */;
CREATE TABLE `players` (
  `name` varchar(50) NOT NULL,
  `team` varchar(30) NOT NULL,
  `matchID` int(11) NOT NULL,
  PRIMARY KEY (`name`,`team`,`matchID`),
  KEY `matchID` (`matchID`),
  CONSTRAINT `players_ibfk_1` FOREIGN KEY (`matchID`) REFERENCES `matches` (`ID`)
) ENGINE=InnoDB DEFAULT CHARSET=utf8;
/*!40101 SET character_set_client = @saved_cs_client */;

--
-- Dumping data for table `players`
--

LOCK TABLES `players` WRITE;
/*!40000 ALTER TABLE `players` DISABLE KEYS */;
INSERT INTO `players` VALUES ('Albie Morkel','Chennai',1),('Anil Kumble','Bangalore',1),('Dale Steyn','Bangalore',1),('Eoin Morgan','Bangalore',1),('G Bailey','Chennai',1),('Jacques Kallis','Bangalore',1),('L Balaji','Chennai',1),('M Vijay','Chennai',1),('Manish Pandey','Bangalore',1),('Mark Boucher','Bangalore',1),('Matthew Hayden','Chennai',1),('Muttiah Muralitharan','Chennai',1),('Parthiv Patel','Chennai',1),('Praveen Kumar','Bangalore',1),('R Ashwin','Chennai',1),('R Vinay Kumar','Bangalore',1),('Rahul Dravid','Bangalore',1),('Robin Uthappa','Bangalore',1),('S Badrinath','Chennai',1),('Sudeep Tyagi','Chennai',1),('Suresh Raina','Chennai',1),('Virat Kohli','Bangalore',1);
/*!40000 ALTER TABLE `players` ENABLE KEYS */;
UNLOCK TABLES;

--
-- Table structure for table `playerstats`
--

DROP TABLE IF EXISTS `playerstats`;
/*!40101 SET @saved_cs_client     = @@character_set_client */;
/*!40101 SET character_set_client = utf8 */;
CREATE TABLE `playerstats` (
  `name` varchar(50) DEFAULT NULL,
  `type` varchar(15) DEFAULT NULL,
  `wickets` int(11) DEFAULT NULL,
  `boundaries` int(11) DEFAULT NULL,
  `ballsFaced` int(11) DEFAULT NULL,
  `strikeRate` double DEFAULT NULL,
  `economy` double DEFAULT NULL,
  `team` varchar(30) DEFAULT NULL,
  `matchID` int(11) DEFAULT NULL,
  `sentiment` varchar(15) DEFAULT NULL,
  `runsTaken` int(11) DEFAULT NULL,
  `runsGiven` int(11) DEFAULT NULL,
  `ballsBowled` int(11) DEFAULT NULL,
  `startTime` double DEFAULT NULL,
  `endTime` double DEFAULT NULL,
  KEY `matchID` (`matchID`),
  CONSTRAINT `playerstats_ibfk_1` FOREIGN KEY (`matchID`) REFERENCES `matches` (`ID`)
) ENGINE=InnoDB DEFAULT CHARSET=utf8;
/*!40101 SET character_set_client = @saved_cs_client */;

--
-- Dumping data for table `playerstats`
--

LOCK TABLES `playerstats` WRITE;
/*!40000 ALTER TABLE `playerstats` DISABLE KEYS */;
INSERT INTO `playerstats` VALUES ('Albie Morkel','All Rounder',1,0,20,100,7,'Chennai',1,'positive',20,28,24,NULL,NULL),('Anil Kumble','Bowler',1,0,0,0,4.75,'Bangalore',1,'positive',0,19,24,NULL,NULL),('Dale Steyn','Bowler',0,0,0,0,5.555555555555555,'Bangalore',1,'positive',0,25,27,NULL,NULL),('Eoin Morgan','Batsman',0,0,4,25,0,'Bangalore',1,'negative',1,0,0,NULL,NULL),('Bailey','Batsman',0,0,27,81.48148148148148,0,'Chennai',1,'negative',22,0,0,NULL,NULL),('Jacques Kallis','All rounder',0,0,17,117.64705882352942,0,'Bangalore',1,'positive',20,29,24,NULL,NULL),('Balaji','All Rounder',1,0,2,0,12.23076923076923,'Chennai',1,'positive',0,53,26,NULL,NULL),('Vijay','Batsman',0,0,7,42.857142857142854,0,'Chennai',1,'negative',3,0,0,NULL,NULL),('Manish Pandey','Batsman',0,0,30,86.66666666666667,0,'Bangalore',1,'negative',26,0,0,NULL,NULL),('Mark Boucher','Batsman',0,0,7,157.14285714285714,0,'Bangalore',1,'positive',11,0,0,NULL,NULL),('Matthew Hayden','Batsman',0,0,32,112.5,0,'Chennai',1,'positive',36,0,0,NULL,NULL),('Muttiah Muralitharan','Bowler',3,0,0,0,7.199999999999999,'Chennai',1,'positive',0,30,25,NULL,NULL),('Parthiv Patel','Batsman',0,0,3,33.33333333333333,0,'Chennai',1,'negative',1,0,0,NULL,NULL),('Praveen Kumar','Bowler',6,0,0,0,7.2941176470588225,'Bangalore',1,'positive',0,62,51,NULL,NULL),('Ashwin','All Rounder',0,0,10,120,10.25,'Chennai',1,'positive',12,41,24,NULL,NULL),('Vinay Kumar','Bowler',6,0,0,0,7.2941176470588225,'Bangalore',1,'positive',0,62,51,NULL,NULL),('Rahul Dravid','Batsman',0,0,12,133.33333333333331,0,'Bangalore',1,'positive',16,0,0,NULL,NULL),('Robin Uthappa','Batsman',0,0,38,192.10526315789474,0,'Bangalore',1,'positive',73,0,0,NULL,NULL),('Badrinath','Batsman',0,0,17,182.35294117647058,0,'Chennai',1,'positive',31,0,0,NULL,NULL),('Sudeep Tyagi','Bowler',0,0,0,0,4.5600000000000005,'Chennai',1,'positive',0,19,25,NULL,NULL),('Suresh Raina','Batsman',0,0,8,125,0,'Chennai',1,'positive',10,0,0,NULL,NULL),('Virat Kohli','Batsman',0,0,16,150,0,'Bangalore',1,'positive',24,0,0,NULL,NULL);
/*!40000 ALTER TABLE `playerstats` ENABLE KEYS */;
UNLOCK TABLES;

--
-- Table structure for table `teams`
--

DROP TABLE IF EXISTS `teams`;
/*!40101 SET @saved_cs_client     = @@character_set_client */;
/*!40101 SET character_set_client = utf8 */;
CREATE TABLE `teams` (
  `matchID` int(11) NOT NULL,
  `team1` varchar(30) DEFAULT NULL,
  `team2` varchar(30) DEFAULT NULL,
  PRIMARY KEY (`matchID`),
  CONSTRAINT `teams_ibfk_1` FOREIGN KEY (`matchID`) REFERENCES `matches` (`ID`)
) ENGINE=InnoDB DEFAULT CHARSET=utf8;
/*!40101 SET character_set_client = @saved_cs_client */;

--
-- Dumping data for table `teams`
--

LOCK TABLES `teams` WRITE;
/*!40000 ALTER TABLE `teams` DISABLE KEYS */;
INSERT INTO `teams` VALUES (1,'Chennai','Bangalore');
/*!40000 ALTER TABLE `teams` ENABLE KEYS */;
UNLOCK TABLES;

--
-- Table structure for table `teamstats`
--

DROP TABLE IF EXISTS `teamstats`;
/*!40101 SET @saved_cs_client     = @@character_set_client */;
/*!40101 SET character_set_client = utf8 */;
CREATE TABLE `teamstats` (
  `innings` int(11) NOT NULL,
  `score` int(11) DEFAULT NULL,
  `wickets` int(11) DEFAULT NULL,
  `overs` int(11) DEFAULT NULL,
  `win` int(11) DEFAULT NULL,
  `BestBatsman` varchar(50) DEFAULT NULL,
  `BestBowler` varchar(50) DEFAULT NULL,
  `sentiment` varchar(15) DEFAULT NULL,
  `matchID` int(11) NOT NULL,
  `team` varchar(30) DEFAULT NULL,
  `RunRate` double DEFAULT NULL,
  `startTime` double DEFAULT NULL,
  `endTime` double DEFAULT NULL,
  PRIMARY KEY (`matchID`,`innings`),
  CONSTRAINT `teamstats_ibfk_1` FOREIGN KEY (`matchID`) REFERENCES `matches` (`ID`)
) ENGINE=InnoDB DEFAULT CHARSET=utf8;
/*!40101 SET character_set_client = @saved_cs_client */;

--
-- Dumping data for table `teamstats`
--

LOCK TABLES `teamstats` WRITE;
/*!40000 ALTER TABLE `teamstats` DISABLE KEYS */;
INSERT INTO `teamstats` VALUES (1,171,5,20,1,'Robin Uthappa','Anil Kumble','positive',1,'Bangalore',8.55,NULL,NULL),(2,135,7,20,0,'Badrinath','Sudeep Tyagi','negative',1,'Chennai',6.75,NULL,NULL);
/*!40000 ALTER TABLE `teamstats` ENABLE KEYS */;
UNLOCK TABLES;

--
-- Table structure for table `tossresult`
--

DROP TABLE IF EXISTS `tossresult`;
/*!40101 SET @saved_cs_client     = @@character_set_client */;
/*!40101 SET character_set_client = utf8 */;
CREATE TABLE `tossresult` (
  `matchID` int(11) NOT NULL,
  `innings1` varchar(30) DEFAULT NULL,
  `innings2` varchar(30) DEFAULT NULL,
  PRIMARY KEY (`matchID`),
  CONSTRAINT `tossresult_ibfk_1` FOREIGN KEY (`matchID`) REFERENCES `matches` (`ID`)
) ENGINE=InnoDB DEFAULT CHARSET=utf8;
/*!40101 SET character_set_client = @saved_cs_client */;

--
-- Dumping data for table `tossresult`
--

LOCK TABLES `tossresult` WRITE;
/*!40000 ALTER TABLE `tossresult` DISABLE KEYS */;
INSERT INTO `tossresult` VALUES (1,'Bangalore','Chennai');
/*!40000 ALTER TABLE `tossresult` ENABLE KEYS */;
UNLOCK TABLES;
/*!40103 SET TIME_ZONE=@OLD_TIME_ZONE */;

/*!40101 SET SQL_MODE=@OLD_SQL_MODE */;
/*!40014 SET FOREIGN_KEY_CHECKS=@OLD_FOREIGN_KEY_CHECKS */;
/*!40014 SET UNIQUE_CHECKS=@OLD_UNIQUE_CHECKS */;
/*!40101 SET CHARACTER_SET_CLIENT=@OLD_CHARACTER_SET_CLIENT */;
/*!40101 SET CHARACTER_SET_RESULTS=@OLD_CHARACTER_SET_RESULTS */;
/*!40101 SET COLLATION_CONNECTION=@OLD_COLLATION_CONNECTION */;
/*!40111 SET SQL_NOTES=@OLD_SQL_NOTES */;

-- Dump completed on 2016-06-08  3:22:37
